{"cameraMode":{"drawMode":0,"name":"Shaded","section":"Shading Mode"},"sceneLighting":true,"audioPlay":false,"sceneViewState":{"showFog":true,"showMaterialUpdate":false,"showSkybox":true,"showFlares":true,"showImageEffects":true,"showParticleSystems":true},"in2DMode":false,"pivot":{"x":31.272953033447267,"y":16.50464630126953,"z":-70.87271881103516},"rotation":{"x":-0.2996672987937927,"y":-0.515729546546936,"z":0.19872966408729554,"w":-0.7776519656181336},"size":19.497962951660158,"orthographic":false}